{"environment":"flywheel","phpVersion":"7.2.9","mysqlVersion":"5.7","webServer":"nginx","devMode":true,"multiSite":"no","name":"financial-empowerment","path":"/Users/chiragsinh5899/Local Sites/financialempowerment","domain":"financialempowerment.local","id":"jvZgqiCbO","localVersion":"3.0.2","container":"d75956303de5a88f3acc4b11070dcad663f319f3819b4497898e7bb8a65f888f","mysql":{"database":"local","user":"root","password":"root"},"ports":{"HTTP":4024,"HTTPS":4025,"MYSQL":4026,"MAILCATCHER":4027},"workspace":null,"environmentVersion":"1.3.2","sslSHA1":"a580f9e6847b1ca5768804c494dc1e67ce95ce2c"}